mes_pro_route	1	109
mes_pro_route	122	128
mes_pro_route_flow_config	1	126
mes_pro_route_flow_config	122	182
mes_pro_route_flow_process_batch_record	1	692
mes_pro_route_flow_process_batch_record	122	127
mes_pro_route_flow_process_config	1	1563
mes_pro_route_flow_process_config	122	3160
mes_pro_route_process	1	1687
mes_pro_route_process	122	4418
mes_pro_route_process_flow_boundary_edge	1	12
mes_pro_route_process_flow_boundary_edge	122	60
mes_pro_route_process_flow_edge	1	73
mes_pro_route_process_flow_edge	122	780
mes_pro_route_process_flow_layout	1	63
mes_pro_route_process_flow_layout	122	635
mes_pro_route_product	1	375
mes_pro_route_product	122	352
mes_pro_route_product_bom	1	176
mes_pro_route_product_bom	122	3622
mes_pro_route_schedule_config	1	1672
mes_pro_route_schedule_config	122	4099
mes_pro_route_version	1	154
mes_pro_route_version	122	273
mes_pro_schedule_resource_adjustment	122	3
