ROUTE-XLSX-00001	1	NULL	YXN.037.011.1002	YXN.037.011.1011	1
ROUTE-XLSX-00001	2	NULL	YXN.037.011.1002	YXN.041.011.1003	1
ROUTE-XLSX-00001	3	NULL	YXN.037.011.1002	YXN.041.011.1008	1
ROUTE-XLSX-00001	4	NULL	YXN.037.011.1002	YXN.041.011.1003	1
ROUTE-XLSX-00001	5	NULL	YXN.037.011.1002	YXN.037.011.1007	1
ROUTE-XLSX-00001	6	NULL	YXN.037.011.1002	YXN.041.011.1003	1
ROUTE-XLSX-00001	7	NULL	YXN.037.011.1002	YXN.037.011.1007	1
ROUTE-XLSX-00001	8	NULL	YXN.037.011.1002	YXN.037.011.1011	1
ROUTE-XLSX-00001	9	NULL	YXN.037.011.1002	YXN.037.011.1009	1
ROUTE-XLSX-00001	10	NULL	YXN.037.011.1002	YXN.037.011.1009	1
ROUTE-XLSX-00001	11	NULL	YXN.037.011.1002	YXN.037.011.1007	1
ROUTE-XLSX-00001	12	NULL	YXN.037.011.1002	YXN.037.011.1009	1
ROUTE-XLSX-00001	13	NULL	YXN.037.011.1002	YXN.041.011.1003	1
ROUTE-XLSX-00001	14	NULL	YXN.037.011.1002	YXN.041.011.1008	1
ROUTE-XLSX-00001	15	NULL	YXN.037.011.1002	YXN.037.011.1009	1
ROUTE-XLSX-00001	16	NULL	YXN.037.011.1002	YXN.037.011.1007	1
ROUTE-XLSX-00001	17	NULL	YXN.037.011.1002	YXN.037.011.1011	1
ROUTE-XLSX-00001	18	NULL	YXN.037.011.1002	YXN.041.011.1008	1
ROUTE-XLSX-00001	19	NULL	YXN.037.011.1002	YXN.037.011.1011	1
ROUTE-XLSX-00001	20	NULL	YXN.037.011.1002	YXN.041.011.1003	1
ROUTE-XLSX-00001	21	NULL	YXN.037.011.1002	YXN.037.011.1007	1
ROUTE-XLSX-00001	22	NULL	YXN.037.011.1002	YXN.041.011.1003	1
ROUTE-XLSX-00001	23	NULL	YXN.037.011.1002	YXN.037.011.1007	1
ROUTE-XLSX-00001	24	NULL	YXN.037.011.1002	YXN.037.011.1009	1
ROUTE-XLSX-00001	2886	NULL	YXN.037.011.1002	YXN.037.011.1011	1
ROUTE-XLSX-00001	2887	NULL	YXN.037.011.1002	YXN.041.011.1003	1
ROUTE-XLSX-00001	2888	NULL	YXN.037.011.1002	YXN.041.011.1008	1
ROUTE-XLSX-00001	2889	NULL	YXN.037.011.1002	YXN.041.011.1003	1
ROUTE-XLSX-00001	2890	NULL	YXN.037.011.1002	YXN.037.011.1007	1
ROUTE-XLSX-00001	2891	NULL	YXN.037.011.1002	YXN.041.011.1003	1
ROUTE-XLSX-00001	2892	NULL	YXN.037.011.1002	YXN.037.011.1007	1
ROUTE-XLSX-00001	2893	NULL	YXN.037.011.1002	YXN.037.011.1011	1
ROUTE-XLSX-00001	2894	NULL	YXN.037.011.1002	YXN.037.011.1009	1
ROUTE-XLSX-00001	2895	NULL	YXN.037.011.1002	YXN.037.011.1009	1
ROUTE-XLSX-00001	2896	NULL	YXN.037.011.1002	YXN.037.011.1007	1
ROUTE-XLSX-00001	2897	NULL	YXN.037.011.1002	YXN.037.011.1009	1
ROUTE-XLSX-00001	2898	NULL	YXN.037.011.1002	YXN.041.011.1003	1
ROUTE-XLSX-00001	2899	NULL	YXN.037.011.1002	YXN.041.011.1008	1
ROUTE-XLSX-00001	2900	NULL	YXN.037.011.1002	YXN.037.011.1009	1
ROUTE-XLSX-00001	2901	NULL	YXN.037.011.1002	YXN.037.011.1007	1
ROUTE-XLSX-00001	2902	NULL	YXN.037.011.1002	YXN.037.011.1011	1
ROUTE-XLSX-00001	2903	NULL	YXN.037.011.1002	YXN.041.011.1008	1
ROUTE-XLSX-00001	2904	NULL	YXN.037.011.1002	YXN.037.011.1011	1
ROUTE-XLSX-00001	2905	NULL	YXN.037.011.1002	YXN.041.011.1003	1
ROUTE-XLSX-00001	2906	NULL	YXN.037.011.1002	YXN.037.011.1007	1
ROUTE-XLSX-00001	2907	NULL	YXN.037.011.1002	YXN.041.011.1003	1
ROUTE-XLSX-00001	2908	NULL	YXN.037.011.1002	YXN.037.011.1007	1
ROUTE-XLSX-00001	2909	NULL	YXN.037.011.1002	YXN.037.011.1009	1
ROUTE-XLSX-00001	2910	Z2630	YXN.037.011.1002	YXN.037.011.1011	0
ROUTE-XLSX-00001	2911	Z3710	YXN.037.011.1002	YXN.041.011.1003	0
ROUTE-XLSX-00001	2912	Z2775	YXN.037.011.1002	YXN.041.011.1008	0
ROUTE-XLSX-00001	2913	Z2772	YXN.037.011.1002	YXN.041.011.1003	0
ROUTE-XLSX-00001	2914	Z2510	YXN.037.011.1002	YXN.037.011.1007	0
ROUTE-XLSX-00001	2915	Z3810	YXN.037.011.1002	YXN.041.011.1003	0
ROUTE-XLSX-00001	2916	Z3720	YXN.037.011.1002	YXN.037.011.1007	0
ROUTE-XLSX-00001	2917	Z5200	YXN.037.011.1002	YXN.037.011.1011	0
ROUTE-XLSX-00001	2918	Z2520	YXN.037.011.1002	YXN.037.011.1009	0
ROUTE-XLSX-00001	2919	Z2530	YXN.037.011.1002	YXN.037.011.1009	0
ROUTE-XLSX-00001	2920	Z2550	YXN.037.011.1002	YXN.037.011.1007	0
ROUTE-XLSX-00001	2921	Z3850	YXN.037.011.1002	YXN.037.011.1009	0
ROUTE-XLSX-00001	2922	Z2560	YXN.037.011.1002	YXN.041.011.1003	0
ROUTE-XLSX-00001	2923	Z2570	YXN.037.011.1002	YXN.041.011.1008	0
ROUTE-XLSX-00001	2924	Z2600	YXN.037.011.1002	YXN.037.011.1009	0
ROUTE-XLSX-00001	2925	Z2580	YXN.037.011.1002	YXN.037.011.1007	0
ROUTE-XLSX-00001	2926	Z2480	YXN.037.011.1002	YXN.037.011.1011	0
ROUTE-XLSX-00001	2927	Z2590	YXN.037.011.1002	YXN.041.011.1008	0
ROUTE-XLSX-00001	2928	Z2490	YXN.037.011.1002	YXN.037.011.1011	0
ROUTE-XLSX-00001	2929	Z5600	YXN.037.011.1002	YXN.041.011.1003	0
ROUTE-XLSX-00001	2930	Z2620	YXN.037.011.1002	YXN.037.011.1007	0
ROUTE-XLSX-00001	2931	Z760	YXN.037.011.1002	YXN.041.011.1003	0
ROUTE-XLSX-00001	2932	Z830	YXN.037.011.1002	YXN.037.011.1007	0
ROUTE-XLSX-00001	2933	NULL	YXN.037.011.1002	YXN.037.011.1009	1
ROUTE-XLSX-00002	25	NULL	YXN.069.001.1011	YXN.069.001.1006	1
ROUTE-XLSX-00002	26	NULL	YXN.069.001.1011	YXN.069.001.1014	1
ROUTE-XLSX-00002	27	NULL	YXN.069.001.1011	YXN.069.001.1014	1
ROUTE-XLSX-00002	28	NULL	YXN.069.001.1011	YXN.069.001.1003	1
ROUTE-XLSX-00002	29	NULL	YXN.069.001.1011	YXN.069.001.1003	1
ROUTE-XLSX-00002	30	NULL	YXN.069.001.1011	YXN.069.001.1014	1
ROUTE-XLSX-00002	31	NULL	YXN.069.001.1011	YXN.069.001.1006	1
ROUTE-XLSX-00002	32	NULL	YXN.069.001.1011	YXN.069.001.1013	1
ROUTE-XLSX-00002	33	NULL	YXN.069.001.1011	YXN.069.001.1009	1
ROUTE-XLSX-00002	34	NULL	YXN.069.001.1011	YXN.069.001.1006	1
ROUTE-XLSX-00002	35	NULL	YXN.069.001.1011	YXN.069.001.1013	1
ROUTE-XLSX-00002	36	NULL	YXN.069.001.1011	YXN.069.001.1014	1
ROUTE-XLSX-00002	37	NULL	YXN.069.001.1011	YXN.069.001.1009	1
ROUTE-XLSX-00002	38	Z2975	YXN.069.001.1011	YXN.069.001.1013	1
ROUTE-XLSX-00002	39	NULL	YXN.069.001.1011	YXN.069.001.1003	1
ROUTE-XLSX-00002	40	NULL	YXN.069.001.1011	YXN.069.001.1003	1
ROUTE-XLSX-00002	41	NULL	YXN.069.001.1011	YXN.069.001.1009	1
ROUTE-XLSX-00002	42	NULL	YXN.069.001.1011	YXN.069.001.1006	1
ROUTE-XLSX-00002	43	NULL	YXN.069.001.1011	YXN.069.001.1006	1
ROUTE-XLSX-00002	44	Z2774	YXN.069.001.1011	YXN.069.001.1003	1
ROUTE-XLSX-00002	45	Z2773	YXN.069.001.1011	YXN.069.001.1009	1
ROUTE-XLSX-00002	46	NULL	YXN.069.001.1011	YXN.069.001.1013	1
ROUTE-XLSX-00002	47	NULL	YXN.069.001.1011	YXN.069.001.1014	1
ROUTE-XLSX-00002	48	Z2776	YXN.069.001.1011	YXN.069.001.1006	1
ROUTE-XLSX-00002	49	NULL	YXN.069.001.1011	YXN.069.001.1014	1
ROUTE-XLSX-00002	50	NULL	YXN.069.001.1011	YXN.069.001.1003	1
ROUTE-XLSX-00002	617	NULL	YXN.069.001.1011	YXN.069.001.1006	1
ROUTE-XLSX-00002	618	NULL	YXN.069.001.1011	YXN.069.001.1014	1
ROUTE-XLSX-00002	619	NULL	YXN.069.001.1011	YXN.069.001.1014	1
ROUTE-XLSX-00002	620	NULL	YXN.069.001.1011	YXN.069.001.1003	1
ROUTE-XLSX-00002	621	NULL	YXN.069.001.1011	YXN.069.001.1003	1
ROUTE-XLSX-00002	622	NULL	YXN.069.001.1011	YXN.069.001.1014	1
ROUTE-XLSX-00002	623	NULL	YXN.069.001.1011	YXN.069.001.1006	1
ROUTE-XLSX-00002	624	NULL	YXN.069.001.1011	YXN.069.001.1013	1
ROUTE-XLSX-00002	625	NULL	YXN.069.001.1011	YXN.069.001.1009	1
ROUTE-XLSX-00002	626	NULL	YXN.069.001.1011	YXN.069.001.1006	1
ROUTE-XLSX-00002	627	NULL	YXN.069.001.1011	YXN.069.001.1013	1
ROUTE-XLSX-00002	628	NULL	YXN.069.001.1011	YXN.069.001.1014	1
ROUTE-XLSX-00002	629	NULL	YXN.069.001.1011	YXN.069.001.1009	1
ROUTE-XLSX-00002	630	Z2975	YXN.069.001.1011	YXN.069.001.1013	1
ROUTE-XLSX-00002	631	NULL	YXN.069.001.1011	YXN.069.001.1003	1
ROUTE-XLSX-00002	632	NULL	YXN.069.001.1011	YXN.069.001.1003	1
ROUTE-XLSX-00002	633	NULL	YXN.069.001.1011	YXN.069.001.1009	1
ROUTE-XLSX-00002	634	NULL	YXN.069.001.1011	YXN.069.001.1006	1
ROUTE-XLSX-00002	635	NULL	YXN.069.001.1011	YXN.069.001.1006	1
ROUTE-XLSX-00002	636	Z2774	YXN.069.001.1011	YXN.069.001.1003	1
ROUTE-XLSX-00002	637	Z2773	YXN.069.001.1011	YXN.069.001.1009	1
ROUTE-XLSX-00002	638	NULL	YXN.069.001.1011	YXN.069.001.1013	1
ROUTE-XLSX-00002	639	NULL	YXN.069.001.1011	YXN.069.001.1014	1
ROUTE-XLSX-00002	640	Z2776	YXN.069.001.1011	YXN.069.001.1006	1
ROUTE-XLSX-00002	641	NULL	YXN.069.001.1011	YXN.069.001.1014	1
ROUTE-XLSX-00002	642	NULL	YXN.069.001.1011	YXN.069.001.1003	1
ROUTE-XLSX-00002	2756	Z2630	YXN.069.001.1011	YXN.069.001.1006	0
ROUTE-XLSX-00002	2757	Z3710	YXN.069.001.1011	YXN.069.001.1014	0
ROUTE-XLSX-00002	2758	Z2775	YXN.069.001.1011	YXN.069.001.1014	0
ROUTE-XLSX-00002	2759	Z2772	YXN.069.001.1011	YXN.069.001.1003	0
ROUTE-XLSX-00002	2760	Z2510	YXN.069.001.1011	YXN.069.001.1003	0
ROUTE-XLSX-00002	2761	Z3810	YXN.069.001.1011	YXN.069.001.1014	0
ROUTE-XLSX-00002	2762	Z5200	YXN.069.001.1011	YXN.069.001.1006	0
ROUTE-XLSX-00002	2763	Z2530	YXN.069.001.1011	YXN.069.001.1013	0
ROUTE-XLSX-00002	2764	Z2971	YXN.069.001.1011	YXN.069.001.1009	0
ROUTE-XLSX-00002	2765	Z2976	YXN.069.001.1011	YXN.069.001.1006	0
ROUTE-XLSX-00002	2766	Z2972	YXN.069.001.1011	YXN.069.001.1013	0
ROUTE-XLSX-00002	2767	Z2973	YXN.069.001.1011	YXN.069.001.1014	0
ROUTE-XLSX-00002	2768	Z2974	YXN.069.001.1011	YXN.069.001.1009	0
ROUTE-XLSX-00002	2769	Z2975	YXN.069.001.1011	YXN.069.001.1013	0
ROUTE-XLSX-00002	2770	Z2550	YXN.069.001.1011	YXN.069.001.1003	0
ROUTE-XLSX-00002	2771	Z2570	YXN.069.001.1011	YXN.069.001.1003	0
ROUTE-XLSX-00002	2772	Z2600	YXN.069.001.1011	YXN.069.001.1009	0
ROUTE-XLSX-00002	2773	Z2580	YXN.069.001.1011	YXN.069.001.1006	0
ROUTE-XLSX-00002	2774	Z2490	YXN.069.001.1011	YXN.069.001.1006	0
ROUTE-XLSX-00002	2775	Z2774	YXN.069.001.1011	YXN.069.001.1003	0
ROUTE-XLSX-00002	2776	Z2773	YXN.069.001.1011	YXN.069.001.1009	0
ROUTE-XLSX-00002	2777	Z3850	YXN.069.001.1011	YXN.069.001.1013	0
ROUTE-XLSX-00002	2778	Z2560	YXN.069.001.1011	YXN.069.001.1014	0
ROUTE-XLSX-00002	2779	Z2776	YXN.069.001.1011	YXN.069.001.1006	0
ROUTE-XLSX-00002	2780	Z5600	YXN.069.001.1011	YXN.069.001.1014	0
ROUTE-XLSX-00002	2781	Z2620	YXN.069.001.1011	YXN.069.001.1003	0
